--SELECT * FROM ARCHIVE.GAME WHERE GAME_ID IN ('62183557-2FC8-4939-BD38-583893A4BAAE', 'FB56A068-8921-4AC6-930C-20C637F8DB98');
INSERT INTO archive.game (game_id, remote_id, show_id, type, comment, air_date) VALUES ('62183557-2fc8-4939-bd38-583893a4baae', '1346', '780', null, null, '1988-01-15');
INSERT INTO archive.game (game_id, remote_id, show_id, type, comment, air_date) VALUES ('fb56a068-8921-4ac6-930c-20c637f8db98', '2538', '5496', null, null, '2008-06-30');

--SELECT * FROM ARCHIVE.CATEGORY WHERE GAME_ID IN ('62183557-2FC8-4939-BD38-583893A4BAAE', 'FB56A068-8921-4AC6-930C-20C637F8DB98');
INSERT INTO archive.category (category_id, name, hint, air_date, round, game_id) VALUES ('25967248-da10-42bc-91a6-2412ead75ef1', 'STARTS WITH "WH"', null, '1988-01-15', 1, '62183557-2fc8-4939-bd38-583893a4baae');
INSERT INTO archive.category (category_id, name, hint, air_date, round, game_id) VALUES ('1abb2d98-827c-4de3-a25c-bcf6ba386d74', 'KINGS & QUEENS', null, '1988-01-15', 1, '62183557-2fc8-4939-bd38-583893a4baae');
INSERT INTO archive.category (category_id, name, hint, air_date, round, game_id) VALUES ('3abadab0-2eff-434b-b230-c3c23dc58c82', 'IN THE NEWS', null, '1988-01-15', 1, '62183557-2fc8-4939-bd38-583893a4baae');
INSERT INTO archive.category (category_id, name, hint, air_date, round, game_id) VALUES ('6c00221b-beaa-4a73-9eb6-9e58ef26f75b', 'SPORTS TRIVIA', null, '1988-01-15', 1, '62183557-2fc8-4939-bd38-583893a4baae');
INSERT INTO archive.category (category_id, name, hint, air_date, round, game_id) VALUES ('94867b51-67bf-4d52-b9c9-26dab3358325', 'MUSICAL INSTRUMENTS', null, '1988-01-15', 1, '62183557-2fc8-4939-bd38-583893a4baae');
INSERT INTO archive.category (category_id, name, hint, air_date, round, game_id) VALUES ('2f217bae-f954-4cc1-8377-cd2b69a8f980', 'CELEBRITY JEOPARDY!', '...all the clues are quotes given to us by celebrities, by famous people, to help you identify them.', '1988-01-15', 1, '62183557-2fc8-4939-bd38-583893a4baae');
INSERT INTO archive.category (category_id, name, hint, air_date, round, game_id) VALUES ('a39d3b78-546f-4631-a360-d0950a5ee0fd', 'MAN IN SPACE', null, '1988-01-15', 2, '62183557-2fc8-4939-bd38-583893a4baae');
INSERT INTO archive.category (category_id, name, hint, air_date, round, game_id) VALUES ('8ca1ea9c-0627-4713-b563-ab78dd17aad0', 'WORLD CITIES', null, '1988-01-15', 2, '62183557-2fc8-4939-bd38-583893a4baae');
INSERT INTO archive.category (category_id, name, hint, air_date, round, game_id) VALUES ('2297fbef-9c6d-4462-ad29-a1689f85b60d', 'WORD ORIGINS', null, '1988-01-15', 2, '62183557-2fc8-4939-bd38-583893a4baae');
INSERT INTO archive.category (category_id, name, hint, air_date, round, game_id) VALUES ('ca0c113d-dfe8-49c0-8181-ea78d9111fbd', 'COLORS', null, '1988-01-15', 2, '62183557-2fc8-4939-bd38-583893a4baae');
INSERT INTO archive.category (category_id, name, hint, air_date, round, game_id) VALUES ('04c57893-0757-44b7-aded-5e47a9f9dfbe', 'NEW HAMPSHIRITES', null, '1988-01-15', 2, '62183557-2fc8-4939-bd38-583893a4baae');
INSERT INTO archive.category (category_id, name, hint, air_date, round, game_id) VALUES ('96508104-e263-4731-bbfe-dff97735a9c2', 'CENTRAL CHARACTERS', 'We''ll give you the character; you give us the work.', '1988-01-15', 2, '62183557-2fc8-4939-bd38-583893a4baae');
INSERT INTO archive.category (category_id, name, hint, air_date, round, game_id) VALUES ('0380ff93-e679-4fba-b8d5-818cba812d00', 'THOSE DARN ETRUSCANS', null, '2008-06-30', 1, 'fb56a068-8921-4ac6-930c-20c637f8db98');
INSERT INTO archive.category (category_id, name, hint, air_date, round, game_id) VALUES ('948038ef-e873-4cc2-8ec1-89fbb227f27a', 'COLLEGE FOOTBALL', null, '2008-06-30', 1, 'fb56a068-8921-4ac6-930c-20c637f8db98');
INSERT INTO archive.category (category_id, name, hint, air_date, round, game_id) VALUES ('455f5bf6-1550-46a1-b848-76ea6161b944', 'THE ONION''S GLOSSARY OF ELECTION TERMS', null, '2008-06-30', 1, 'fb56a068-8921-4ac6-930c-20c637f8db98');
INSERT INTO archive.category (category_id, name, hint, air_date, round, game_id) VALUES ('867d95d3-a0f4-43b0-89e2-968819b877f9', 'LITERATURE', null, '2008-06-30', 1, 'fb56a068-8921-4ac6-930c-20c637f8db98');
INSERT INTO archive.category (category_id, name, hint, air_date, round, game_id) VALUES ('d5cce538-45f7-4d79-887e-14417670a0a3', 'ESOTERICA', null, '2008-06-30', 1, 'fb56a068-8921-4ac6-930c-20c637f8db98');
INSERT INTO archive.category (category_id, name, hint, air_date, round, game_id) VALUES ('44c1fce6-5a20-4390-9fbd-2195d12f306c', 'ABBREV.', null, '2008-06-30', 1, 'fb56a068-8921-4ac6-930c-20c637f8db98');
INSERT INTO archive.category (category_id, name, hint, air_date, round, game_id) VALUES ('7ea725a8-fdf6-4455-bce4-85de65c58548', 'THOSE DARN EQUESTRIANS', null, '2008-06-30', 2, 'fb56a068-8921-4ac6-930c-20c637f8db98');
INSERT INTO archive.category (category_id, name, hint, air_date, round, game_id) VALUES ('a5fb7c32-64fd-4a08-aa4e-736d3901f03a', 'WHY I HATE YOU', null, '2008-06-30', 2, 'fb56a068-8921-4ac6-930c-20c637f8db98');
INSERT INTO archive.category (category_id, name, hint, air_date, round, game_id) VALUES ('7cd674cf-e543-4ef6-bc14-98b2cdff2b17', 'FACE THE MUSIC', null, '2008-06-30', 2, 'fb56a068-8921-4ac6-930c-20c637f8db98');
INSERT INTO archive.category (category_id, name, hint, air_date, round, game_id) VALUES ('4d17537e-9f71-460c-bea2-8d1bf03a314f', 'AMERICANA', null, '2008-06-30', 2, 'fb56a068-8921-4ac6-930c-20c637f8db98');
INSERT INTO archive.category (category_id, name, hint, air_date, round, game_id) VALUES ('5b626346-888a-469a-9edc-ea5277150727', 'NEARLY IMPOSSIBLE CAPITAL CITIES', null, '2008-06-30', 2, 'fb56a068-8921-4ac6-930c-20c637f8db98');
INSERT INTO archive.category (category_id, name, hint, air_date, round, game_id) VALUES ('01f45fed-3f34-46c8-ae83-01f3756bb24a', 'GIMME AN "H"', null, '2008-06-30', 2, 'fb56a068-8921-4ac6-930c-20c637f8db98');
INSERT INTO archive.category (category_id, name, hint, air_date, round, game_id) VALUES ('7eef43c3-e7c2-4a4f-bdae-e61230f6e03d', 'PLAYWRIGHTS', null, '2008-06-30', 3, 'fb56a068-8921-4ac6-930c-20c637f8db98');
INSERT INTO archive.category (category_id, name, hint, air_date, round, game_id) VALUES ('e92645d5-f7d1-4927-8095-745aa5f451a9', 'PRESIDENTS', null, '1988-01-15', 3, '62183557-2fc8-4939-bd38-583893a4baae');

-- SELECT CLUE.* FROM ARCHIVE.CLUE
--   INNER JOIN ARCHIVE.CATEGORY USING (CATEGORY_ID)
--   INNER JOIN ARCHIVE.GAME USING (GAME_ID)
-- WHERE GAME_ID IN ('62183557-2fc8-4939-bd38-583893a4baae', 'fb56a068-8921-4ac6-930c-20c637f8db98');
INSERT INTO archive.clue (clue_id, question, value, daily_double, media, answer, category_id) VALUES ('6b35415d-04a9-4152-b393-abd21599c98d', 'The Scotch variety is seldom spelled with an "E"', 100, false, null, '{whiskey}', '25967248-da10-42bc-91a6-2412ead75ef1');
INSERT INTO archive.clue (clue_id, question, value, daily_double, media, answer, category_id) VALUES ('39a724c5-1e66-4213-aa76-daa3680129d1', 'In 1895, Liliuokalani was charged with treason & forced to abdicate throne of this island group', 100, false, null, '{Hawaii}', '1abb2d98-827c-4de3-a25c-bcf6ba386d74');
INSERT INTO archive.clue (clue_id, question, value, daily_double, media, answer, category_id) VALUES ('41f99641-0ce7-40e1-a7ab-46bd31feb926', 'Nearly 4 mil. of them were thought to be eligible for the U.S. amnesty program that began in 1987', 100, false, null, '{illegal aliens}', '3abadab0-2eff-434b-b230-c3c23dc58c82');
INSERT INTO archive.clue (clue_id, question, value, daily_double, media, answer, category_id) VALUES ('886268fc-8050-4b28-a7a5-a0201196e3a5', 'Rogers Hornsby favored baseball over this sport, saying, "When I hit a ball I want somebody else to go chase it"', 100, false, null, '{golf}', '6c00221b-beaa-4a73-9eb6-9e58ef26f75b');
INSERT INTO archive.clue (clue_id, question, value, daily_double, media, answer, category_id) VALUES ('662cad98-7a9f-43bf-933e-46b2924f20fd', 'A small fipple flute that, by its name, sounds like it only costs one cent', 100, false, null, '{a pennywhistle}', '94867b51-67bf-4d52-b9c9-26dab3358325');
INSERT INTO archive.clue (clue_id, question, value, daily_double, media, answer, category_id) VALUES ('c8460925-a9f0-4fb5-b5fa-84fb8ef1f791', 'I was the female 2nd banana on "The Garry Moore Show"', 100, false, null, '{Carol Burnett}', '2f217bae-f954-4cc1-8377-cd2b69a8f980');
INSERT INTO archive.clue (clue_id, question, value, daily_double, media, answer, category_id) VALUES ('049f8538-1564-400b-9b0e-9596dfa16826', 'Little Miss Muffet could tell you this must be expelled from milk before you can make cheese', 200, false, null, '{whey}', '25967248-da10-42bc-91a6-2412ead75ef1');
INSERT INTO archive.clue (clue_id, question, value, daily_double, media, answer, category_id) VALUES ('a29c2233-b894-41de-a3e6-2092ba96df6a', 'Fabiola, the current queen of this Low Country, was born a Spanish noblewoman', 200, false, null, '{Belgium}', '1abb2d98-827c-4de3-a25c-bcf6ba386d74');
INSERT INTO archive.clue (clue_id, question, value, daily_double, media, answer, category_id) VALUES ('b3d1bd93-2d81-4ef9-993e-24bc37e1ac83', 'To discourage their use in holdups, one leading maker of BB guns is painting this part of toy guns orange', 200, false, null, '{the barrel}', '3abadab0-2eff-434b-b230-c3c23dc58c82');
INSERT INTO archive.clue (clue_id, question, value, daily_double, media, answer, category_id) VALUES ('53a760ea-6634-4ee8-8fc6-59695da8cddc', 'The College & Pro Football Halls of Fame are in different towns in this state', 200, false, null, '{Ohio}', '6c00221b-beaa-4a73-9eb6-9e58ef26f75b');
INSERT INTO archive.clue (clue_id, question, value, daily_double, media, answer, category_id) VALUES ('a92baaf7-4f82-41dc-83aa-b726b9d374a5', 'One name for this woodwind, "hautboy", is from the French meaning "high wood"', 200, false, null, '{an oboe}', '94867b51-67bf-4d52-b9c9-26dab3358325');
INSERT INTO archive.clue (clue_id, question, value, daily_double, media, answer, category_id) VALUES ('61f7100a-9902-4f4d-8bbe-b837ac2861f8', 'I once wanted to be a jockey, but ended up "Riding" Harvey Korman', 200, false, null, '{Tim Conway}', '2f217bae-f954-4cc1-8377-cd2b69a8f980');
INSERT INTO archive.clue (clue_id, question, value, daily_double, media, answer, category_id) VALUES ('9fa0e67e-5591-4323-a9b2-6aab682e9876', 'It''s a synonym for neigh, as Mister Ed could tell you', 300, false, null, '{whinney}', '25967248-da10-42bc-91a6-2412ead75ef1');
INSERT INTO archive.clue (clue_id, question, value, daily_double, media, answer, category_id) VALUES ('d703d5a6-e71c-46df-a2d0-845a4fcfd63d', 'The last king of this Scandanavian country was Frederick IX, a rear admiral who died in 1972', 300, false, null, '{Denmark}', '1abb2d98-827c-4de3-a25c-bcf6ba386d74');
INSERT INTO archive.clue (clue_id, question, value, daily_double, media, answer, category_id) VALUES ('ab6089ca-84c8-4f52-810a-f05239723125', 'This great Spanish tenor sang in a $10 mil. version of "Aida" staged at the Temple of Luxor in Egypt', 300, false, null, '{Placido Domingo}', '3abadab0-2eff-434b-b230-c3c23dc58c82');
INSERT INTO archive.clue (clue_id, question, value, daily_double, media, answer, category_id) VALUES ('1d686f04-ff6d-43bc-bf6e-ad2224ee2647', 'While in football the Jets represent New York, in hockey they represent this Canadian city', 300, false, null, '{Winnipeg}', '6c00221b-beaa-4a73-9eb6-9e58ef26f75b');
INSERT INTO archive.clue (clue_id, question, value, daily_double, media, answer, category_id) VALUES ('b0ceb6f0-7461-4415-b0a4-130317289775', 'It''s the call of an elephant or a brass instrument, or the brass instrument itself', 300, false, null, '{a trumpet}', '94867b51-67bf-4d52-b9c9-26dab3358325');
INSERT INTO archive.clue (clue_id, question, value, daily_double, media, answer, category_id) VALUES ('a9830ef8-f04a-4a92-a280-b56d33a37d91', 'I played football at Florida State & used my # 22 in all my movies, like "Semi-Tough"', 300, false, null, '{Burt Reynolds}', '2f217bae-f954-4cc1-8377-cd2b69a8f980');
INSERT INTO archive.clue (clue_id, question, value, daily_double, media, answer, category_id) VALUES ('227381e7-1cb5-44da-8751-ae1ccbc0e24b', 'Questionable title of the following 1972 hit:"You told me that you didn''t love him /And you were going to say goodbye /But if you really didn''t mean it /Why did you have to lie?..."', 0, true, '{http://www.j-archive.com/media/1988-01-15_J_27.mp3}', '{"Where Is The Love"}', '25967248-da10-42bc-91a6-2412ead75ef1');
INSERT INTO archive.clue (clue_id, question, value, daily_double, media, answer, category_id) VALUES ('7c5174a0-6993-4372-a42c-e83a69e2a24e', 'King of Franks who was advised, it''s said, by Theodulf the Visigoth & Elissaeus the Eunuch', 400, false, null, '{Charlemagne}', '1abb2d98-827c-4de3-a25c-bcf6ba386d74');
INSERT INTO archive.clue (clue_id, question, value, daily_double, media, answer, category_id) VALUES ('bad822e5-eba9-408b-aa7e-3adf2b7fd766', 'In July 1987, this wife of baseball star Ray Knight was inducted in the LPGA Hall of Fame', 400, false, null, '{Nancy Lopez}', '6c00221b-beaa-4a73-9eb6-9e58ef26f75b');
INSERT INTO archive.clue (clue_id, question, value, daily_double, media, answer, category_id) VALUES ('f2308ae0-2e18-4260-b6f2-a3d9f205e2a5', 'The dance band "Hi-Hat" is a set of these worked by a foot pedal', 400, false, null, '{cymbals}', '94867b51-67bf-4d52-b9c9-26dab3358325');
INSERT INTO archive.clue (clue_id, question, value, daily_double, media, answer, category_id) VALUES ('68905fd5-6cdb-4770-8a82-1527a42c0c5c', 'I''m not really Chef Paul Prudhomme''s twin brother, but I was "Barber" to Dean Martin for 8 years', 400, false, null, '{Dom DeLuise}', '2f217bae-f954-4cc1-8377-cd2b69a8f980');
INSERT INTO archive.clue (clue_id, question, value, daily_double, media, answer, category_id) VALUES ('a98606a4-3ca0-493c-9d9f-2bd0ee1c052e', 'Kings of this largest island in the Mediterranean included William the Bad & his son William the Good', 500, false, null, '{Sicily}', '1abb2d98-827c-4de3-a25c-bcf6ba386d74');
INSERT INTO archive.clue (clue_id, question, value, daily_double, media, answer, category_id) VALUES ('8de28be2-50ca-4e39-90f8-a32432884a6f', 'Though the Mets got one, the NFL champion Giants weren''t initially offered NYC ticker tape parade due to this', 500, false, null, '{they played out of state, they played in Meadow Lands, New Jersey}', '6c00221b-beaa-4a73-9eb6-9e58ef26f75b');
INSERT INTO archive.clue (clue_id, question, value, daily_double, media, answer, category_id) VALUES ('7d505169-c249-4e96-ab0a-c658c5d00d4f', 'Beethoven wrote many solo pieces for this instrument which can be 7-10 feet long', 500, false, null, '{a (concert grand) piano}', '94867b51-67bf-4d52-b9c9-26dab3358325');
INSERT INTO archive.clue (clue_id, question, value, daily_double, media, answer, category_id) VALUES ('6a53f856-25d8-405c-99a5-858698ff589b', 'I played Capt. Parmenter, Sam Jones, & Vinton Harper', 500, false, null, '{Ken Berry}', '2f217bae-f954-4cc1-8377-cd2b69a8f980');
INSERT INTO archive.clue (clue_id, question, value, daily_double, media, answer, category_id) VALUES ('b1fb5ca9-f100-428d-b924-834fb9aa98c3', 'Halley''s Comet was met in 1986 by this country''s Suisei & Sakigake spacecrafts', 200, false, null, '{Japan}', 'a39d3b78-546f-4631-a360-d0950a5ee0fd');
INSERT INTO archive.clue (clue_id, question, value, daily_double, media, answer, category_id) VALUES ('0b4618f9-52ab-4db8-9d73-97132a936621', 'Capital of Australia''s N. Territory, named for a famed British naturalist who was never there', 200, false, null, '{Darwin}', '8ca1ea9c-0627-4713-b563-ab78dd17aad0');
INSERT INTO archive.clue (clue_id, question, value, daily_double, media, answer, category_id) VALUES ('b32fb412-7d75-4ae5-9335-b54c3403d0af', 'Derived from Middle English words for "goose" & "summer", it''s a gauzy summer fabric', 200, false, null, '{gossamer}', '2297fbef-9c6d-4462-ad29-a1689f85b60d');
INSERT INTO archive.clue (clue_id, question, value, daily_double, media, answer, category_id) VALUES ('941590d5-f0be-4c5c-8925-72df0e5faca3', 'Like her eyes, the bottle of Elizabeth Taylor''s new "Passion" perfume is this color', 200, false, null, '{violet}', 'ca0c113d-dfe8-49c0-8181-ea78d9111fbd');
INSERT INTO archive.clue (clue_id, question, value, daily_double, media, answer, category_id) VALUES ('debdc0f8-1b18-449b-9cef-f45b1c4ae662', 'Gen. John Stark, who died at Manchester in 1822, was the last living general of this war', 200, false, null, '{the Revolutionary War}', '04c57893-0757-44b7-aded-5e47a9f9dfbe');
INSERT INTO archive.clue (clue_id, question, value, daily_double, media, answer, category_id) VALUES ('81e01a8f-5bb2-43e1-b782-df7f57d3e4a1', 'Quasimodo', 200, false, null, '{The Hunchback of Notre Dame}', '96508104-e263-4731-bbfe-dff97735a9c2');
INSERT INTO archive.clue (clue_id, question, value, daily_double, media, answer, category_id) VALUES ('0e0021f8-4bdb-4971-9481-e7c2708b6224', 'Craft aboard which U.S. astronauts spent the longest time in space, about 2000 hours', 400, false, null, '{Skylab}', 'a39d3b78-546f-4631-a360-d0950a5ee0fd');
INSERT INTO archive.clue (clue_id, question, value, daily_double, media, answer, category_id) VALUES ('642a8cf7-55e2-43f2-9482-3061dc3fa479', 'The Warsaw Pact is administered from headquarters in this city', 0, true, null, '{Moscow}', '8ca1ea9c-0627-4713-b563-ab78dd17aad0');
INSERT INTO archive.clue (clue_id, question, value, daily_double, media, answer, category_id) VALUES ('06a585c1-cd11-42f5-b0a1-39732c269aa2', 'One''s lineage, named because the lines on a genealogical chart look like a crane''s foot or "pie de grue"', 400, false, null, '{pedigree}', '2297fbef-9c6d-4462-ad29-a1689f85b60d');
INSERT INTO archive.clue (clue_id, question, value, daily_double, media, answer, category_id) VALUES ('1bd37aa2-12b6-4c66-b290-e94b79db5ed0', 'On Mother''s Day, a carnation of this color is worn in remembrance of a departed mother', 400, false, null, '{white}', 'ca0c113d-dfe8-49c0-8181-ea78d9111fbd');
INSERT INTO archive.clue (clue_id, question, value, daily_double, media, answer, category_id) VALUES ('59077a30-5a79-46e1-ab16-38fdf7917249', 'To many New Englanders, this New Hampshire native was known as the "Godlike" Daniel', 400, false, null, '{Daniel Webster}', '04c57893-0757-44b7-aded-5e47a9f9dfbe');
INSERT INTO archive.clue (clue_id, question, value, daily_double, media, answer, category_id) VALUES ('65f25250-2d8f-4b75-b8f7-d0df1fd911b4', 'Wolf Larsen', 400, false, null, '{The Sea Wolf}', '96508104-e263-4731-bbfe-dff97735a9c2');
INSERT INTO archive.clue (clue_id, question, value, daily_double, media, answer, category_id) VALUES ('988e5f49-0219-46f2-99bb-84f4059c7869', 'To date, this Space Shuttle named for a lost land has gone up on the fewest missions--2', 600, false, null, '{Atlantis}', 'a39d3b78-546f-4631-a360-d0950a5ee0fd');
INSERT INTO archive.clue (clue_id, question, value, daily_double, media, answer, category_id) VALUES ('e94142cf-f888-49cf-ada2-58f4b4cec7ad', 'The city for which Angora wool, Angora cats, Angora goats & Angora rabbits are named is now called this', 600, false, null, '{Ankara}', '8ca1ea9c-0627-4713-b563-ab78dd17aad0');
INSERT INTO archive.clue (clue_id, question, value, daily_double, media, answer, category_id) VALUES ('06851616-0fbe-44a0-8fe8-f8f56b26fddb', 'These full-hipped riding breeches were named for a town in India', 600, false, null, '{jodhpurs}', '2297fbef-9c6d-4462-ad29-a1689f85b60d');
INSERT INTO archive.clue (clue_id, question, value, daily_double, media, answer, category_id) VALUES ('fcf213f7-8e71-4bb7-88a7-459f0527c6e4', 'While the rods in the retina are sensitive to dim light, these cells provide our color vision', 600, false, null, '{cones}', 'ca0c113d-dfe8-49c0-8181-ea78d9111fbd');
INSERT INTO archive.clue (clue_id, question, value, daily_double, media, answer, category_id) VALUES ('2febf266-afa4-478a-851d-3c5a81be2164', 'Raskolnikov', 600, false, null, '{Crime and Punishment}', '96508104-e263-4731-bbfe-dff97735a9c2');
INSERT INTO archive.clue (clue_id, question, value, daily_double, media, answer, category_id) VALUES ('0734f1ff-fdc2-4372-8cc7-cf49452002d7', 'He went up in Vostok I', 800, false, null, '{Yuri Gagarin}', 'a39d3b78-546f-4631-a360-d0950a5ee0fd');
INSERT INTO archive.clue (clue_id, question, value, daily_double, media, answer, category_id) VALUES ('1311281a-1c71-42f7-b33a-f3e748fc5c3f', 'El Paso''s twin city on the Mexican side of the border', 800, false, null, '{Juarez}', '8ca1ea9c-0627-4713-b563-ab78dd17aad0');
INSERT INTO archive.clue (clue_id, question, value, daily_double, media, answer, category_id) VALUES ('c95f5294-c58e-44c6-bd21-efce741355e1', 'From a French phrase meaning "of good nature", this adjective is synonymous with suave & urbane', 800, false, null, '{debonair}', '2297fbef-9c6d-4462-ad29-a1689f85b60d');
INSERT INTO archive.clue (clue_id, question, value, daily_double, media, answer, category_id) VALUES ('eff3dd1e-95bf-4ac3-b6ff-82437adb6c9e', 'Color television works by blending these 3 primary colors of light', 0, true, null, '{red, green, & blue}', 'ca0c113d-dfe8-49c0-8181-ea78d9111fbd');
INSERT INTO archive.clue (clue_id, question, value, daily_double, media, answer, category_id) VALUES ('9668f9ba-091f-458c-820e-c3c105b68b14', 'She founded a church "which should reinstate primitive Christianity & its lost element of healing"', 800, false, null, '{Mary Baker Eddy}', '04c57893-0757-44b7-aded-5e47a9f9dfbe');
INSERT INTO archive.clue (clue_id, question, value, daily_double, media, answer, category_id) VALUES ('b284d529-20d4-4950-ac66-6e191aac1a76', 'Marguerite Gautier', 800, false, null, '{Camille}', '96508104-e263-4731-bbfe-dff97735a9c2');
INSERT INTO archive.clue (clue_id, question, value, daily_double, media, answer, category_id) VALUES ('3e5437da-9246-4a4b-9dd2-848ba36fe41d', 'The 1st live pictures of a manned liftoff from here were transmitted in August 1971', 1000, false, null, '{the moon}', 'a39d3b78-546f-4631-a360-d0950a5ee0fd');
INSERT INTO archive.clue (clue_id, question, value, daily_double, media, answer, category_id) VALUES ('3e7d7fac-297c-4ce3-b5ed-c4c7b42d86d0', 'If you''ve split from Split, you''ve left this country''s largest coastal city', 1000, false, null, '{Yugoslavia}', '8ca1ea9c-0627-4713-b563-ab78dd17aad0');
INSERT INTO archive.clue (clue_id, question, value, daily_double, media, answer, category_id) VALUES ('b9f67378-8045-48e0-9729-3907db70edd7', 'This slang term for "ridiculous" may derive from a word for the art of making decals, decalcomania', 1000, false, null, '{cockamamie}', '2297fbef-9c6d-4462-ad29-a1689f85b60d');
INSERT INTO archive.clue (clue_id, question, value, daily_double, media, answer, category_id) VALUES ('4813d4b3-e66a-4cc9-b157-f8679eb6cfd4', 'Though from the Latin for "completely crude", this creamy color is popular for bridal lace', 1000, false, null, '{ecru}', 'ca0c113d-dfe8-49c0-8181-ea78d9111fbd');
INSERT INTO archive.clue (clue_id, question, value, daily_double, media, answer, category_id) VALUES ('90c0df07-eb8f-4bc5-a90d-ef7f5eb79f29', 'At Binion''s Casino in Las Vegas, you can see 100 $10,000 bills with this New Hampshirite on them', 1000, false, null, '{Salmon P. Chase}', '04c57893-0757-44b7-aded-5e47a9f9dfbe');
INSERT INTO archive.clue (clue_id, question, value, daily_double, media, answer, category_id) VALUES ('edd6af61-0145-4960-851e-268a1f907a76', 'Redmond Barry', 1000, false, null, '{Barry Lyndon}', '96508104-e263-4731-bbfe-dff97735a9c2');
INSERT INTO archive.clue (clue_id, question, value, daily_double, media, answer, category_id) VALUES ('b4f0432b-4f18-45ef-a439-6e59547862f9', 'Of the 5 vowels, only these are the 1st letter of a president''s last name', 0, false, null, '{A & E}', 'e92645d5-f7d1-4927-8095-745aa5f451a9');
INSERT INTO archive.clue (clue_id, question, value, daily_double, media, answer, category_id) VALUES ('6b698b33-8abc-4119-a3c4-9ec49702b8d6', 'To see the Monteleone chariot made by those darn Etruscans, head for this 5th Avenue museum', 200, false, null, '{the Metropolitan Museum}', '0380ff93-e679-4fba-b8d5-818cba812d00');
INSERT INTO archive.clue (clue_id, question, value, daily_double, media, answer, category_id) VALUES ('b14debe8-f5fc-4aa8-b5d7-6e9674202763', 'This school''s Buckeyes made the 2007 & 2008 national champ. games--Good--but lost by a combined 79-38--Bad', 200, false, null, '{Ohio State}', '948038ef-e873-4cc2-8ec1-89fbb227f27a');
INSERT INTO archive.clue (clue_id, question, value, daily_double, media, answer, category_id) VALUES ('fbc5eaae-e636-4040-881c-060d59fdd59f', 'It''s "a contest to see which candidate can answer the fewest questions"', 200, false, null, '{a debate}', '455f5bf6-1550-46a1-b848-76ea6161b944');
INSERT INTO archive.clue (clue_id, question, value, daily_double, media, answer, category_id) VALUES ('70d3fd1b-00ce-4ab9-8dc5-0f69d8773973', 'Our copy of this 1865-69 Tolstoy work is 1,444 pages long', 200, false, null, '{War and Peace}', '867d95d3-a0f4-43b0-89e2-968819b877f9');
INSERT INTO archive.clue (clue_id, question, value, daily_double, media, answer, category_id) VALUES ('257124d9-0f03-4014-a63f-4844c8e2df73', 'This Poe poem has a scholar seeking solace in ancient, esoteric writings, but he''s disturbed by a "rapping at my chamber door"', 200, false, null, '{"The Raven"}', 'd5cce538-45f7-4d79-887e-14417670a0a3');
INSERT INTO archive.clue (clue_id, question, value, daily_double, media, answer, category_id) VALUES ('b845cb13-2512-4634-a4bc-2ec7b95f5742', 'Of concern to typists:WPM', 200, false, null, '{words per minute}', '44c1fce6-5a20-4390-9fbd-2195d12f306c');
INSERT INTO archive.clue (clue_id, question, value, daily_double, media, answer, category_id) VALUES ('ab227312-c6a1-41cc-a51e-87da1b8323f8', 'Let''s "sea"--Nethuns was the Etruscan equivalent of this Roman god', 400, false, null, '{Neptune}', '0380ff93-e679-4fba-b8d5-818cba812d00');
INSERT INTO archive.clue (clue_id, question, value, daily_double, media, answer, category_id) VALUES ('fe40cfc4-aa46-4e06-932f-1e4906d0ffd4', 'Letter formations include the "T" & this one with the running backs in a line behind the quarterback', 400, false, null, '{I}', '948038ef-e873-4cc2-8ec1-89fbb227f27a');
INSERT INTO archive.clue (clue_id, question, value, daily_double, media, answer, category_id) VALUES ('a46a485c-0a46-400f-b00a-6c87faa09b78', 'This type of ballot doesn''t "involve... having to get up off the couch & walk to a high school gymnasium"', 400, false, null, '{an absentee ballot}', '455f5bf6-1550-46a1-b848-76ea6161b944');
INSERT INTO archive.clue (clue_id, question, value, daily_double, media, answer, category_id) VALUES ('5f73ff4b-06bb-4a62-b0a0-c54be4b4f7e5', 'Many say that Tu Fu was this country''s greatest poet', 400, false, null, '{China}', '867d95d3-a0f4-43b0-89e2-968819b877f9');
INSERT INTO archive.clue (clue_id, question, value, daily_double, media, answer, category_id) VALUES ('a06510a3-56ef-4e41-892d-8930e4cd7eff', 'Kukai, also known as Kobo Daishi, brought esoteric Shingon Buddhism to this country', 400, false, null, '{Japan}', 'd5cce538-45f7-4d79-887e-14417670a0a3');
INSERT INTO archive.clue (clue_id, question, value, daily_double, media, answer, category_id) VALUES ('6bc18f9b-f5ee-41b6-a62d-8fb18c267d57', 'A unit of energy:kWh', 400, false, null, '{kilowatt-hours}', '44c1fce6-5a20-4390-9fbd-2195d12f306c');
INSERT INTO archive.clue (clue_id, question, value, daily_double, media, answer, category_id) VALUES ('94327196-1978-43bf-9dfe-c1fff48999f4', 'Maecenas, a leading adviser to this first Roman emperor, was descended from Etruscan rulers', 600, false, null, '{Augustus}', '0380ff93-e679-4fba-b8d5-818cba812d00');
INSERT INTO archive.clue (clue_id, question, value, daily_double, media, answer, category_id) VALUES ('4e668b97-5cd7-4edd-8aed-d9985d16228d', 'Coaches go gray from these plays that the players "hear" at the line of scrimmage rather than in the huddle', 600, false, null, '{audibles}', '948038ef-e873-4cc2-8ec1-89fbb227f27a');
INSERT INTO archive.clue (clue_id, question, value, daily_double, media, answer, category_id) VALUES ('63fbe8fd-51fe-4588-bc3b-b844eeb55264', 'This "-ist" is defined as "a better-paid legislator"', 600, false, null, '{a lobbyist}', '455f5bf6-1550-46a1-b848-76ea6161b944');
INSERT INTO archive.clue (clue_id, question, value, daily_double, media, answer, category_id) VALUES ('9ef541d2-f8cb-4213-9fbb-415690aa0fc5', '(Kelly of the Clue Crew reports from New York''s Central Park.) Central Park''s Literary Walk features Robert Burns & this great novelist & countryman, both sculpted by John Steell of Aberdeen', 600, false, '{http://www.j-archive.com/media/2008-06-30_J_03.jpg,http://www.j-archive.com/media/2008-06-30_J_03a.jpg,http://www.j-archive.com/media/2008-06-30_J_03b.jpg,http://www.j-archive.com/media/2008-06-30_J_03b.jpg}', '{Sir Walter Scott}', '867d95d3-a0f4-43b0-89e2-968819b877f9');
INSERT INTO archive.clue (clue_id, question, value, daily_double, media, answer, category_id) VALUES ('c29b3098-5eb0-4def-bc7e-bea3b8e2b148', 'This "Old" publication bases its weather forecasts on esoteric interpretations of natural phenomena', 600, false, null, '{the Old Farmer''s Almanac}', 'd5cce538-45f7-4d79-887e-14417670a0a3');
INSERT INTO archive.clue (clue_id, question, value, daily_double, media, answer, category_id) VALUES ('0868daa9-ab3f-4a67-84e2-4d18c0493fb2', 'A bus or van, for example:HOV', 600, false, null, '{high-occupancy vehicle}', '44c1fce6-5a20-4390-9fbd-2195d12f306c');
INSERT INTO archive.clue (clue_id, question, value, daily_double, media, answer, category_id) VALUES ('ca5f145f-2ae6-417a-8007-32d2950f783e', 'Artsy Etruscans enjoyed working with this type of clay whose name is Italian for "baked earth"', 800, false, null, '{terra cotta}', '0380ff93-e679-4fba-b8d5-818cba812d00');
INSERT INTO archive.clue (clue_id, question, value, daily_double, media, answer, category_id) VALUES ('dc6f2c10-0e1a-45f5-8ee6-2896af60699c', 'The BCS, created to pit the top teams in the nation against each other, stands for this', 800, false, null, '{Bowl Championship Series}', '948038ef-e873-4cc2-8ec1-89fbb227f27a');
INSERT INTO archive.clue (clue_id, question, value, daily_double, media, answer, category_id) VALUES ('e0bf0030-4640-4223-847c-fed635571268', 'This is referred to as a "process by which Americans are quadrennially reminded of Iowa''s existence"', 800, false, null, '{the Iowa caucuses}', '455f5bf6-1550-46a1-b848-76ea6161b944');
INSERT INTO archive.clue (clue_id, question, value, daily_double, media, answer, category_id) VALUES ('e374633e-a86c-4e31-a070-2ac6cbd45c25', 'In Chaucer''s "The Canterbury Tales" , this bawdy wife tells of her 5 husbands & her desire for a sixth', 800, false, null, '{the Wife of Bath}', '867d95d3-a0f4-43b0-89e2-968819b877f9');
INSERT INTO archive.clue (clue_id, question, value, daily_double, media, answer, category_id) VALUES ('c51a1799-b048-48f1-a15c-488bda47b47f', 'This art of transmuting metals broke up into branches; the esoterics drew away from lab practices', 800, false, null, '{alchemy}', 'd5cce538-45f7-4d79-887e-14417670a0a3');
INSERT INTO archive.clue (clue_id, question, value, daily_double, media, answer, category_id) VALUES ('7a2d02b7-076c-4f42-a15c-328123e9587d', 'In the military:NCO', 800, false, null, '{non-commissioned officer}', '44c1fce6-5a20-4390-9fbd-2195d12f306c');
INSERT INTO archive.clue (clue_id, question, value, daily_double, media, answer, category_id) VALUES ('e8ddea74-86d0-46d9-91f2-c9472e24529c', 'The Etruscans mined iron on this island centuries before Napoleon was exiled there', 0, true, null, '{Elba}', '0380ff93-e679-4fba-b8d5-818cba812d00');
INSERT INTO archive.clue (clue_id, question, value, daily_double, media, answer, category_id) VALUES ('29c221b3-7022-41b4-ac28-81dcd5258305', 'Ian Johnson''s 2-pt. conversion won the ''07 Fiesta Bowl for this school, then his on-field wedding proposal won his GF''s heart', 1000, false, null, '{Boise State}', '948038ef-e873-4cc2-8ec1-89fbb227f27a');
INSERT INTO archive.clue (clue_id, question, value, daily_double, media, answer, category_id) VALUES ('10016f5c-5235-4e8c-b49f-64bd9d7829ce', 'This company''s voting machine "electronically changes your vote into a vote for Mitt Romney"', 1000, false, null, '{Diebold}', '455f5bf6-1550-46a1-b848-76ea6161b944');
INSERT INTO archive.clue (clue_id, question, value, daily_double, media, answer, category_id) VALUES ('9c9fff59-431e-4dc7-ae9e-c9ed927e44db', 'Flaubert led this movement in French literature also called naturalism', 1000, false, null, '{realism}', '867d95d3-a0f4-43b0-89e2-968819b877f9');
INSERT INTO archive.clue (clue_id, question, value, daily_double, media, answer, category_id) VALUES ('ce4c050b-b149-467f-b3e4-674a27df9160', 'This esoteric tradition of Jewish mysticism involves 10 divine numbers or emanations', 1000, false, null, '{Kabbalah}', 'd5cce538-45f7-4d79-887e-14417670a0a3');
INSERT INTO archive.clue (clue_id, question, value, daily_double, media, answer, category_id) VALUES ('8a65ff96-e49d-41e8-9d5b-3c7b6807291e', 'Often seen in classifieds:EOE', 1000, false, null, '{equal-opportunity employer}', '44c1fce6-5a20-4390-9fbd-2195d12f306c');
INSERT INTO archive.clue (clue_id, question, value, daily_double, media, answer, category_id) VALUES ('20812b53-905e-4e1d-853c-308a5724e2e6', 'This equestrian event has 2 4-player teams with long-handled mallets (not many horses in the water version)', 400, false, null, '{polo}', '7ea725a8-fdf6-4455-bce4-85de65c58548');
INSERT INTO archive.clue (clue_id, question, value, daily_double, media, answer, category_id) VALUES ('e0ddb6d6-989a-4172-ade8-d1b6a01a2f39', 'You never miss one of these basketball shots taken from "beyond the arc"-- & oh, the taunting!', 400, false, null, '{a 3-pointer}', 'a5fb7c32-64fd-4a08-aa4e-736d3901f03a');
INSERT INTO archive.clue (clue_id, question, value, daily_double, media, answer, category_id) VALUES ('8fbf0267-e820-4717-a04e-3e875856abb4', '(Jon of the Clue Crew plays notes on a guitar.)  In music, it describes a tone raised a half step in pitch, like when I go from here to here', 400, false, '{http://www.j-archive.com/media/2008-06-30_DJ_02.jpg,http://www.j-archive.com/media/2008-06-30_DJ_02.mp3}', '{a sharp}', '7cd674cf-e543-4ef6-bc14-98b2cdff2b17');
INSERT INTO archive.clue (clue_id, question, value, daily_double, media, answer, category_id) VALUES ('18a0b31a-4b20-409a-8136-3f751eda4b20', 'Legend says a Bangor, Maine woman invented these by cutting a collapsed chocolate cake into squares', 400, false, null, '{brownies}', '4d17537e-9f71-460c-bea2-8d1bf03a314f');
INSERT INTO archive.clue (clue_id, question, value, daily_double, media, answer, category_id) VALUES ('da925c8a-c934-4baf-bb16-76e7ec916a26', 'One of 3 capitals:Pretoria', 400, false, null, '{South Africa}', '5b626346-888a-469a-9edc-ea5277150727');
INSERT INTO archive.clue (clue_id, question, value, daily_double, media, answer, category_id) VALUES ('ef6fab2d-5290-4391-aa9f-8f943dc5eeea', 'This large whale known for its spectacular leaps has been called the "showman of the ocean"', 400, false, null, '{the humpback}', '01f45fed-3f34-46c8-ae83-01f3756bb24a');
INSERT INTO archive.clue (clue_id, question, value, daily_double, media, answer, category_id) VALUES ('cd00a8c7-e7d8-4eb3-81c5-a9d1af165d7a', 'Known as National Hunt Racing in the U.K., this type of race has horses jumping obstacles on a track', 800, false, null, '{steeplechase}', '7ea725a8-fdf6-4455-bce4-85de65c58548');
INSERT INTO archive.clue (clue_id, question, value, daily_double, media, answer, category_id) VALUES ('f5d86df6-bca4-44db-8909-646cd07d94cd', 'You fondly recall your long boyhood friendship with this star who won an Oscar for "Syriana"', 800, false, null, '{(George) Clooney}', 'a5fb7c32-64fd-4a08-aa4e-736d3901f03a');
INSERT INTO archive.clue (clue_id, question, value, daily_double, media, answer, category_id) VALUES ('33475229-7942-492b-8a07-8e8bbe4daad7', 'Come & get it! It''s the instrument heard here', 800, false, '{http://www.j-archive.com/media/2008-06-30_DJ_07.mp3}', '{a triangle}', '7cd674cf-e543-4ef6-bc14-98b2cdff2b17');
INSERT INTO archive.clue (clue_id, question, value, daily_double, media, answer, category_id) VALUES ('c52a23c2-2c42-414b-9652-cb2957f0cfc2', 'The Alpine Gardens named for this former first lady are centered in Vail, Colorado', 800, false, null, '{Betty Ford}', '4d17537e-9f71-460c-bea2-8d1bf03a314f');
INSERT INTO archive.clue (clue_id, question, value, daily_double, media, answer, category_id) VALUES ('35af917d-54f5-4d6a-8435-e9fcea0e57a5', 'Asian country wedged between 2 giants:Ulaanbataar', 800, false, null, '{Mongolia}', '5b626346-888a-469a-9edc-ea5277150727');
INSERT INTO archive.clue (clue_id, question, value, daily_double, media, answer, category_id) VALUES ('206fa8c8-20c3-476a-8f26-9e5959bf5863', 'A leg of meat,or to pawn', 800, false, null, '{hock}', '01f45fed-3f34-46c8-ae83-01f3756bb24a');
INSERT INTO archive.clue (clue_id, question, value, daily_double, media, answer, category_id) VALUES ('8fe53784-4821-4788-94da-5589daaf9f74', 'Smaller than the Western type, the equestrian item seen here goes by this national term', 1200, false, '{http://www.j-archive.com/media/2008-06-30_DJ_28.jpg}', '{an English saddle}', '7ea725a8-fdf6-4455-bce4-85de65c58548');
INSERT INTO archive.clue (clue_id, question, value, daily_double, media, answer, category_id) VALUES ('d1c64264-728f-404e-8317-681a2ca1325d', 'You have a steady diet of this dessert, the specialty of NYC''s Carnegie Deli, yet you never gain a pound', 1200, false, null, '{cheesecake}', 'a5fb7c32-64fd-4a08-aa4e-736d3901f03a');
INSERT INTO archive.clue (clue_id, question, value, daily_double, media, answer, category_id) VALUES ('8bcb3c90-4d52-4f88-9e2c-ba49342781e8', '(Cheryl of the Clue Crew chimes in about musical notation.)   It''s the bookkeeping term for the lines above and below the musical staff', 1200, false, '{http://www.j-archive.com/media/2008-06-30_DJ_08.jpg}', '{ledger lines}', '7cd674cf-e543-4ef6-bc14-98b2cdff2b17');
INSERT INTO archive.clue (clue_id, question, value, daily_double, media, answer, category_id) VALUES ('a7d5a0a2-ba0d-4507-8112-46c84311fa18', 'Nevada has a patriotic state motto: "All for our" this', 1200, false, null, '{country}', '4d17537e-9f71-460c-bea2-8d1bf03a314f');
INSERT INTO archive.clue (clue_id, question, value, daily_double, media, answer, category_id) VALUES ('6179d054-fb8b-4b0f-9976-68824bf39252', 'One of the successor states to Yugoslavia:Skopje', 1200, false, null, '{Macedonia}', '5b626346-888a-469a-9edc-ea5277150727');
INSERT INTO archive.clue (clue_id, question, value, daily_double, media, answer, category_id) VALUES ('af24a185-39e9-4c35-a57d-27e090966d29', 'A biblical proverb says,"Before honor is" this, the opposite of pride', 1200, false, null, '{humility}', '01f45fed-3f34-46c8-ae83-01f3756bb24a');
INSERT INTO archive.clue (clue_id, question, value, daily_double, media, answer, category_id) VALUES ('7678050b-3433-431b-a17b-60e141df8fbd', 'The equestrian program as we know it began in the 1912 Olympics with jumping, the 3-day event & this, a French term', 1600, false, null, '{dressage}', '7ea725a8-fdf6-4455-bce4-85de65c58548');
INSERT INTO archive.clue (clue_id, question, value, daily_double, media, answer, category_id) VALUES ('aa2e6748-5fcb-4709-a3a9-16cc60cc2ab1', 'You often impress the chicks with a flawless kazoo rendition of this man''s "Jupiter" Symphony from 1788', 1600, false, null, '{Mozart}', 'a5fb7c32-64fd-4a08-aa4e-736d3901f03a');
INSERT INTO archive.clue (clue_id, question, value, daily_double, media, answer, category_id) VALUES ('2001130b-1fb2-4449-ac46-20109c86357a', 'It''s the large percussion instrument heard here in some music that might sound familiar', 1600, false, '{http://www.j-archive.com/media/2008-06-30_DJ_09.mp3}', '{timpani}', '7cd674cf-e543-4ef6-bc14-98b2cdff2b17');
INSERT INTO archive.clue (clue_id, question, value, daily_double, media, answer, category_id) VALUES ('744ddbd6-23ec-4b39-93c3-db6266a44efc', 'Inspired by the 5 Olympic rings, the Fountain of Rings is in Centennial Olympic Park in this city', 1600, false, null, '{Atlanta}', '4d17537e-9f71-460c-bea2-8d1bf03a314f');
INSERT INTO archive.clue (clue_id, question, value, daily_double, media, answer, category_id) VALUES ('890655f4-bd59-494b-b667-1acc7b9dc4ae', 'One of the "stans" of Central Asia:Astana', 1600, false, null, '{Kazakhstan}', '5b626346-888a-469a-9edc-ea5277150727');
INSERT INTO archive.clue (clue_id, question, value, daily_double, media, answer, category_id) VALUES ('877718a2-b9ea-4e8f-a0c0-e909be309998', 'Chinese Moo Shu dishes are typically served with this thick, sweet sauce', 0, true, null, '{hoisin}', '01f45fed-3f34-46c8-ae83-01f3756bb24a');
INSERT INTO archive.clue (clue_id, question, value, daily_double, media, answer, category_id) VALUES ('c619cf19-f101-47c9-b82e-8fcc5ddd259a', 'Ride ''em, equestrian boy! This "stately" horse is the only breed capable of naturally overstriding', 0, true, null, '{the Tennessee Walker (Walking Horse)}', '7ea725a8-fdf6-4455-bce4-85de65c58548');
INSERT INTO archive.clue (clue_id, question, value, daily_double, media, answer, category_id) VALUES ('5dd3da8d-452f-4bce-9c2f-1700c22e28d9', 'You keep quoting from this French author''s "The Myth of Sisyphus" as if you actually understand it', 2000, false, null, '{Camus}', 'a5fb7c32-64fd-4a08-aa4e-736d3901f03a');
INSERT INTO archive.clue (clue_id, question, value, daily_double, media, answer, category_id) VALUES ('c794e800-7683-4a38-ae74-73466ccde9a6', '(Jon of the Clue Crew is down on one knee at Steinway & Sons in New York.)   While many European pianos have two pedals, Steinways also have a middle one called by this Italian name, as it sustains the sound of certain keys', 2000, false, '{http://www.j-archive.com/media/2008-06-30_DJ_10.jpg}', '{sostenuto}', '7cd674cf-e543-4ef6-bc14-98b2cdff2b17');
INSERT INTO archive.clue (clue_id, question, value, daily_double, media, answer, category_id) VALUES ('6da47457-7462-4b11-85d1-853c68a753d3', 'Wyoming county known for its cattle war of 1892', 2000, false, null, '{Johnson County}', '4d17537e-9f71-460c-bea2-8d1bf03a314f');
INSERT INTO archive.clue (clue_id, question, value, daily_double, media, answer, category_id) VALUES ('53e92f44-7180-4e66-9072-be78ec48d6a4', 'On the Arabian peninsula:Sanaa', 2000, false, null, '{Yemen}', '5b626346-888a-469a-9edc-ea5277150727');
INSERT INTO archive.clue (clue_id, question, value, daily_double, media, answer, category_id) VALUES ('4a47db00-b964-4b1d-ad4e-3e37eddaac25', 'In Greek myth, she''s the goddess of the hearth', 2000, false, null, '{Hestia}', '01f45fed-3f34-46c8-ae83-01f3756bb24a');
INSERT INTO archive.clue (clue_id, question, value, daily_double, media, answer, category_id) VALUES ('ebc8f86e-f8f6-4d6b-9e81-5c707935ebe9', 'On his death in 1950, he left part of his estate to promote a new phonetic alphabet', 0, false, null, '{George Bernard Shaw}', '7eef43c3-e7c2-4a4f-bdae-e61230f6e03d');